iteration,acquisition,kernel,best_y_so_far
31,ei,matern52,1.3649683044991994
41,ei,matern52,1.63646095039438
47,ei,matern52,2.3204144429036524
52,ei,matern52,2.3204144429036524
54,ei,matern52,2.3204144429036524
