iteration,acquisition,kernel,best_y_so_far
41,ei,rbf,9.598482002566342
51,ei,rbf,9.970777375553
57,ei,rbf,9.9831377917129
61,ei,rbf,9.9831377917129
63,ei,rbf,9.9836821591945
67,ei,rbf,9.9895406121756
108,ei,rbf,9.9895406121756
109,ei,rbf,9.9895406121756
110,ei,rbf,9.9895406121756
111,ei,rbf,9.9895406121756
112,ei,rbf,9.9895406121756
122,poi,rbf,9.9988067864766
