iteration,acquisition,kernel,best_y_so_far
11,ucb,matern52,0.6112052157614438
20,ucb,matern52,0.7685356717363372
27,ucb,matern52,0.7685356717363372
31,ucb,matern52,0.9060669856664236
33,ucb,matern52,0.9060669856664236
