iteration,acquisition,kernel,best_y_so_far
16,ei,matern52,-0.0348353133500785
25,ei,matern52,-0.0106689333731942
32,ei,matern52,-0.0023051313301106
36,ei,matern52,-0.0023051313301106
38,ei,matern52,-0.0023051313301106
