iteration,acquisition,kernel,best_y_so_far
31,ei,matern52,-4.025542281908162
41,ei,matern52,0.64440136058046
48,ei,matern52,0.64440136058046
52,ei,matern52,0.64440136058046
54,ei,matern52,0.64440136058046
58,ei,matern52,0.69301215528069
89,ei,matern52,0.69301215528069
90,ei,matern52,0.69301215528069
91,ei,matern52,0.69301215528069
92,ei,matern52,0.69301215528069
93,ei,matern52,0.69301215528069
103,poi,matern32,0.69301215528069
