iteration,acquisition,kernel,best_y_so_far
21,ei,matern52,1088.8596181962705
31,ei,matern52,8662.405001248297
38,ei,matern52,8662.405001248297
42,ei,matern52,8662.405001248297
44,ei,matern52,8662.405001248297
48,ei,matern52,8662.405001248297
69,ei,matern52,8662.405001248297
70,pi,matern52,8662.405001248297
71,poi,matern32,8662.405001248297
72,poi,matern32,8662.405001248297
73,poi,matern32,8662.405001248297
82,poi,matern32,8662.405001248297
